date,daily_returns
2012-08-24,-0.013344324797774247
2012-08-27,0.00992167101827683
2012-08-28,-0.012409513960703125
2012-08-29,-0.0006020942408377811
2012-08-30,-0.05398538386986929
2012-08-31,-0.018219071879499425
2012-09-04,0.04800045123808445
2012-09-05,0.0204520990312165
2012-09-06,0.0010548523206750828
2012-09-07,-0.008956796628029595
2012-09-10,0.032961190855927754
2012-09-11,0.07725167267112719
2012-09-12,-0.010415173665854472
2012-09-13,0.06213489113117361
2012-09-14,-0.021818181818181837
2012-09-17,0.016263940520446163
2012-09-18,0.06492912665752164
2012-09-19,-0.030055817947616973
2012-09-20,0.011952191235059742
2012-09-21,-0.09055118110236222
2012-09-24,-0.024531024531024435
2012-09-25,0.01676528599605522
2012-09-26,-0.014548981571290044
2012-09-27,0.06594488188976377
2012-09-28,0.015235457063711832
2012-10-01,0.012733060482037342
2012-10-02,-0.0197575213291424
2012-10-03,0.00538250114521316
2012-10-04,-0.047271898849527344
2012-10-05,-0.024390243902439098
2012-10-08,-0.008480392156862662
2012-10-09,-0.029020616008305716
2012-10-10,0.005600814663951091
2012-10-11,-0.011741772151898712
2012-10-12,9.734554080566881e-05
2012-10-15,-0.0020491803278688088
2012-10-16,0.020533880903490686
2012-10-17,-0.04552313883299787
2012-10-18,0.0013175230566534165
2012-10-19,0.01689473684210534
2012-10-22,0.009264530821385978
2012-10-23,0.19127692307692312
2012-10-24,-0.028837833998424527
2012-10-25,-0.02737145390070921
2012-10-26,-0.03794007063917054
2012-10-31,0.004737091425864586
2012-11-01,-0.001414427157001468
2012-11-02,0.0033050047214353297
2012-11-05,-0.0037082352941176983
2012-11-06,-0.033120465538089484
2012-11-07,-0.023448949682462163
2012-11-08,-0.03901950975487732
2012-11-09,0.0447683498178032
2012-11-12,-0.010463378176382702
2012-11-13,0.12588116817724068
2012-11-14,-0.008497316636851418
2012-11-15,0.06272891294542168
2012-11-16,-0.027193589324595573
2012-11-19,0.007853403141361244
2012-11-20,0.052813852813852764
2012-11-21,-0.013240131578947335
2012-11-23,0.08092341028419035
2012-11-26,0.008095605242868053
2012-11-27,0.008030592734225654
2012-11-28,0.03641881638846741
2012-11-29,0.024890190336749624
2012-11-30,-0.034285714285714315
2012-12-03,0.015532544378698289
2012-12-04,0.009104151493080845
2012-12-05,-0.02670516059184417
2012-12-06,0.01909529106414537
2012-12-07,0.01291613607422232
2012-12-10,0.005028735632183929
2012-12-11,-0.014292351679771222
2012-12-12,0.023926671766962296
2012-12-13,-0.050566572237960246
2012-12-14,-0.0023123974339848263
2012-12-17,0.035887850467289754
2012-12-18,-0.010826416456153039
2012-12-19,-0.0018241517694272422
2012-12-20,-0.04020467836257302
2012-12-21,0.025514089870525444
2012-12-24,-0.01559598960267353
2012-12-26,-0.017351942663146012
2012-12-27,-0.0053282149712092055
2012-12-28,0.027343388187347585
2012-12-31,0.05185257534833218
2013-01-02,-0.00821428571428573
2013-01-03,0.03564998199495866
2013-01-04,0.022993741307371248
2013-01-07,-0.012256426466539481
2013-01-08,0.05262433458244293
2013-01-09,0.023210199411572437
2013-01-10,0.01341853035143764
2013-01-11,-0.02435372005044128
2013-01-14,-0.027385087648436873
2013-01-15,-0.00830564784053156
2013-01-16,0.009715242881071997
2013-01-17,-0.015925680159256817
2013-01-18,0.036041807147673605
2013-01-22,0.002961371993882036
2013-01-23,0.008436080467229008
2013-01-24,0.014800514800514829
2013-01-25,0.02945466074825625
2013-01-28,-0.05171086266900742
2013-01-29,0.014615134784020763
2013-01-30,-0.008290653008962767
2013-01-31,-0.040379587489106264
2013-02-01,-0.05452404978136558
2013-02-04,0.018890746735920835
2013-02-05,0.014315642458100563
2013-02-06,-0.013769363166953602
2013-02-07,-0.0036649214659684776
2013-02-08,-0.009984235417761434
2013-02-11,-0.03149327671620667
2013-02-12,0.019638290098648075
2013-02-13,0.021230851921526513
2013-02-14,-0.006315789473684201
2013-02-15,0.02153954802259885
2013-02-19,-0.016176978914621498
2013-02-20,-0.041423652589417416
2013-02-21,-0.005607887695634727
2013-02-22,0.005160339107998547
2013-02-25,0.004400440044004437
2013-02-26,-0.018985031033223788
2013-02-27,0.014142165984369147
2013-02-28,0.019449541284403713
2013-03-01,-0.002159827213822976
2013-03-04,-0.00721500721500719
2013-03-05,-0.0024527616279069408
2013-03-06,0.04099808760586463
2013-03-07,-0.021625026243963837
2013-03-08,0.006437768240343337
2013-03-11,-0.01101634683724244
2013-03-12,-0.02694933524973051
2013-03-13,-0.0014771048744460543
2013-03-14,-0.014607988165680458
2013-03-15,-0.005817226496528472
2013-03-18,0.0022650056625142423
2013-03-19,-0.0259887005649718
2013-03-20,-0.004640371229698415
2013-03-21,-0.00038850038850031125
2013-03-22,-0.023280217644772647
2013-03-25,0.002944570450837534
2013-03-26,0.035112080936322225
2013-03-27,-0.019547719432732907
2013-03-28,-0.001954652071931085
2013-04-01,-0.004308656482569504
2013-04-02,0.032651455546813465
2013-04-03,0.031333333333333394
2013-04-04,0.011727768030289002
2013-04-05,-0.01975173420956555
2013-04-08,-0.00964654177064324
2013-04-09,0.03685596088755173
2013-04-10,0.016231410953935366
2013-04-11,-0.022039796555724092
2013-04-12,-0.03211678832116785
2013-04-15,0.015082956259426928
2013-04-16,-0.01095839524517094
2013-04-17,-0.03511737089201873
2013-04-18,0.0015570260801868099
2013-04-19,0.00932763311309749
2013-04-22,0.00038505968425111913
2013-04-23,0.005003849114703579
2013-04-24,0.0011489850631942221
2013-04-25,0.027161438408569275
2013-04-26,0.0048417132216014526
2013-04-29,0.02924388435878421
2013-04-30,-0.012207857683027788
2013-05-01,0.056142909223477915
2013-05-02,-0.02274767000345181
2013-05-03,-0.02617357210978064
2013-05-06,-0.024700761697497315
2013-05-07,0.008590873591431502
2013-05-08,-0.0029498525073746993
2013-05-09,-0.0133136094674556
2013-05-10,0.005247376311844099
2013-05-13,0.009321401938851602
2013-05-14,-0.017362393793867708
2013-05-15,-0.017669172932330918
2013-05-16,0.004592422502870302
2013-05-17,-0.01870476190476189
2013-05-20,-0.003843316898947948
2013-05-21,-0.01952455183164463
2013-05-22,-0.0039349735681068485
2013-05-23,-0.029828411811651984
2013-05-24,-0.008740359897172178
2013-05-28,-0.03236514522821581
2013-05-29,0.05274442538593484
2013-05-30,-0.008228105906313716
2013-05-31,-0.02053556760308855
2013-06-03,-0.013753773901375353
2013-06-04,-0.02640306122448974
2013-06-05,0.0031005720773832025
2013-06-06,0.013974749673487224
2013-06-07,0.04460950581769774
2013-06-10,-0.012330456226880279
2013-06-11,-0.010819808572617625
2013-06-12,-0.0016827934371055593
2013-06-13,-0.0042140750105352474
2013-06-14,0.01658908167583578
2013-06-17,0.007826159353925667
2013-06-18,0.004089219330855026
2013-06-19,-0.016825044222304596
2013-06-20,0.026359832635983373
2013-06-21,-0.02425601304525081
2013-06-24,0.013160643409233395
2013-06-25,-0.0037113402061855613
2013-06-26,0.020695364238410598
2013-06-27,0.008921330089213255
2013-06-28,-0.0028135048231511368
2013-07-01,-0.016122531237404217
2013-07-02,0.004506349856616117
2013-07-03,-0.006117455138662259
2013-07-05,0.013951579811243326
2013-07-08,0.031161473087818678
2013-07-09,0.012558869701726856
2013-07-10,0.00038759689922472906
2013-07-11,0.003874467260751702
2013-07-12,0.014280200694712504
2013-07-15,0.0015220700152206675
2013-07-16,0.01253799392097258
2013-07-17,-0.017636022514071252
2013-07-18,-0.011420932009167283
2013-07-19,0.006336694872686584
2013-07-22,0.003263582261470428
2013-07-23,0.014542671259089267
2013-07-24,0.2960769520935496
2013-07-25,-0.010157455106376894
2013-07-26,0.041752425757130306
2013-07-29,0.06200959638724253
2013-07-30,-0.021978898131660915
2013-07-31,0.018722826086956523
2013-08-01,0.014964389554269252
2013-08-02,0.029934296977661052
2013-08-05,-0.016305595958049528
2013-08-06,0.008300907911802862
2013-08-07,-0.008489837921276005
2013-08-08,-0.0010378827192527023
2013-08-09,-0.007272727272727302
2013-08-12,-0.031423338566195724
2013-08-13,-0.009967854345066042
2013-08-14,-0.002455661664392805
2013-08-15,0.014223194748358753
2013-08-16,0.019687162891046495
2013-08-19,0.015868817773075753
2013-08-20,-0.0023431398073417422
2013-08-21,0.006002087682672152
2013-08-22,0.05188067444876784
2013-08-23,0.01948212083847118
2013-08-26,-0.04112239961296572
2013-08-27,0.022906155398587317
2013-08-28,0.01805267830719146
2013-08-29,0.0003391472868216035
2013-08-30,0.013948757688768357
2013-09-03,-0.0021495103893001267
2013-09-04,0.02106270943034934
2013-09-05,0.030239099859353174
2013-09-06,0.002047781569965786
2013-09-09,-0.009990917347865525
2013-09-10,0.03302752293577976
2013-09-11,-0.006438721136767299
2013-09-12,-0.009832402234636821
2013-09-13,-0.040622884224780054
2013-09-16,0.060221124441307984
2013-09-17,0.003550033281561939
2013-09-18,0.01658191465841256
2013-09-19,0.03284036537625066
2013-09-20,-0.006317119393556628
2013-09-23,0.02670057215511772
2013-09-24,0.020846233230134115
2013-09-25,0.018803073190456928
2013-09-26,0.016868426275054603
2013-09-27,-0.019711163153786203
2013-09-30,0.003782600039816939
2013-10-01,-0.0027766759222530852
2013-10-02,-0.021817820206841712
2013-10-03,0.03775694853912936
2013-10-04,-0.010286050156739784
2013-10-07,-0.06681183806790063
2013-10-08,-0.007848960543063162
2013-10-09,0.04874919820397678
2013-10-10,0.0012232415902141136
2013-10-11,0.008144980655670915
2013-10-14,-0.00020197939810135348
2013-10-15,0.03303030303030299
2013-10-16,0.021022782829764407
2013-10-17,0.03849837195939471
2013-10-18,-0.006824050165990362
2013-10-21,-0.02181987000928513
2013-10-22,-0.014712861888941596
2013-10-23,0.010500963391136835
2013-10-24,-0.009438459338354417
2013-10-25,-0.03312800769971133
2013-10-28,-0.016603953891178327
2013-10-29,-0.007794311165097785
2013-10-30,0.024382779024688845
2013-10-31,-0.009062842346379808
2013-11-01,-0.030753768844221128
2013-11-04,0.03909166321028615
2013-11-05,-0.019658716694940615
2013-11-06,-0.03175895765472303
2013-11-07,-0.0006307821698906883
2013-11-08,-0.02798232695139908
2013-11-11,0.008766233766233637
2013-11-12,0.04516682759360593
2013-11-13,0.005748306302607291
2013-11-14,0.00040824658093480343
2013-11-15,-0.0648847174046113
2013-11-18,0.01156447741653941
2013-11-19,0.0015099223468507394
2013-11-20,0.005815205685978961
2013-11-21,-0.010064239828693918
2013-11-22,-0.030499675535366574
2013-11-25,0.023873270861222675
2013-11-26,0.013074743952930953
2013-11-27,0.011185201118520026
2013-11-29,0.0010636034886195335
2013-12-02,-0.007012324691882817
2013-12-03,0.04044511020757545
2013-12-04,-0.0057589469354174016
2013-12-05,-0.008274720728175542
2013-12-06,0.018773466833542047
2013-12-09,0.028767403767403645
2013-12-10,-0.017215643347596676
2013-12-11,0.04961522883758598
2013-12-12,0.02874782944240791
2013-12-13,0.009189797449362378
2013-12-16,0.01951310165396761
2013-12-17,0.012942034269048502
2013-12-18,-0.009357567032571588
2013-12-19,0.0012715712988192606
2013-12-20,0.048076923076923184
2013-12-23,0.0032889042755755186
2013-12-24,-0.0039682539682540366
2013-12-26,-0.03966741728737224
2013-12-27,-0.03120490620490615
2013-12-30,0.017482777881213926
2013-12-31,0.0011162143863565654
2014-01-02,-0.0027965636995064646
2014-01-03,0.04844474586212586
2014-01-06,0.012587412587412567
2014-01-07,0.005352209944751297
2014-01-08,-0.017345011162630913
2014-01-09,0.01258301293254105
2014-01-10,-0.03503624439074907
2014-01-13,0.03273117510284396
2014-01-14,-0.0024246622791825522
2014-01-15,-0.00711805555555562
2014-01-16,-0.015562161216995989
2014-01-17,0.03925399644760215
2014-01-21,-0.017091095539224065
2014-01-22,-0.015301686663188933
2014-01-23,-0.038495497086349986
2014-01-24,-0.016528925619834815
2014-01-27,0.029691876750700345
2014-01-28,-0.02919840406238664
2014-01-29,0.14104240612740515
2014-01-30,0.024394237066142795
2014-01-31,-0.017420489052261522
2014-02-03,0.020657124268054702
2014-02-04,-0.008924302788844658
2014-02-05,-0.0004823926676314703
2014-02-06,0.034749034749034693
2014-02-07,-0.012002487562188921
2014-02-10,0.02050418581229932
2014-02-11,-0.006183405036159754
2014-02-12,0.04468580294802165
2014-02-13,-0.0035645328976681256
2014-02-14,0.003130123714413381
2014-02-18,0.01129271916790498
2014-02-19,0.02306788128122235
2014-02-20,-0.014936090765474539
2014-02-21,0.03192885260242014
2014-02-24,-0.013139304888386646
2014-02-25,-0.008446671438797269
2014-02-26,-0.004620271440947262
2014-02-27,-0.006962576153176733
2014-02-28,-0.015337423312883396
2014-03-03,0.020620086040646798
2014-03-04,0.04026162790697669
2014-03-05,-0.010199804387312978
2014-03-06,-0.01468097120271042
2014-03-07,0.03194842406876797
2014-03-10,-0.026794391225878202
2014-03-11,0.011125534950071498
2014-03-12,-0.02892075186336335
2014-03-13,-0.01612668894377451
2014-03-14,0.015060543414057988
2014-03-17,0.006547871032689776
2014-03-18,-0.013730307847954948
2014-03-19,-0.018610785463071454
2014-03-20,0.004031655965357563
2014-03-21,-0.04669839381320644
2014-03-24,0.012324492979719288
2014-03-25,-0.06942518107566654
2014-03-26,0.009687836383207764
2014-03-27,-0.01574544858126949
2014-03-28,0.0038326945509082485
2014-03-31,0.03950863213811413
2014-04-01,0.0015969338869371037
2014-04-02,-0.051498724489795866
2014-04-03,-0.046074970583291304
2014-04-04,0.0035419126328217324
2014-04-07,0.021775241439859493
2014-04-08,0.07251920859390164
2014-04-09,-0.05207498798269508
2014-04-10,-0.010649087221095258
2014-04-11,0.006150691952844685
2014-04-14,0.0033961623365597357
2014-04-15,0.010661702487730502
2014-04-16,-0.01306095110515742
2014-04-17,0.03902273498473031
2014-04-21,0.029230894839973796
2014-04-22,-0.026496864196629832
2014-04-23,-0.007985658409387255
2014-04-24,-0.0519139149006078
2014-04-25,-0.02720499046958933
2014-04-28,0.035803348770929784
2014-04-29,0.028030954428202966
2014-04-30,0.022917363666778143
2014-05-01,-0.011283728536385899
2014-05-02,0.012570294409526927
2014-05-05,-0.04393988892518781
2014-05-06,-0.01947719118400821
2014-05-07,-0.010977522216414053
2014-05-08,0.008456659619450387
2014-05-09,0.04524807826694612
2014-05-12,0.0
2014-05-13,-0.010028413839211122
2014-05-14,-0.022134053689008948
2014-05-15,0.00174208808853749
2014-05-16,0.02051192780408103
2014-05-19,-0.010977875358892055
2014-05-20,0.03295765027322404
2014-05-21,0.0004959497437593178
2014-05-22,0.013730998017184335
2014-05-23,0.0347019608482339
2014-05-27,0.00047258979206050945
2014-05-28,0.005038576602109908
2014-05-29,-0.008303305655647833
2014-05-30,-0.0034755134281200454
2014-06-02,-0.0033291058972733174
2014-06-03,0.007475743597900525
2014-06-04,-0.0024313230186296724
2014-06-05,-0.010856835374924824
2014-06-06,0.006080000000000041
2014-06-09,0.04596055979643755
2014-06-10,0.0001672495058538831
2014-06-11,-0.022664599200377167
2014-06-12,0.0032648883731710584
2014-06-13,-0.004806201550387633
2014-06-16,0.003271537622682785
2014-06-17,0.01863354037267063
2014-06-18,-0.019184451219512167
2014-06-19,0.0024634178562825495
2014-06-20,0.013488372093023327
2014-06-23,0.005354137983784524
2014-06-24,0.02617163724893486
2014-06-25,-0.0045966785290629045
2014-06-26,0.007001340682258288
2014-06-27,-0.004585798816567871
2014-06-30,0.01144300787635601
2014-07-01,-0.02365559800176314
2014-07-02,-0.002407825432656081
2014-07-03,-0.01508523155830442
2014-07-07,-0.03875019145351521
2014-07-08,0.03521351179094966
2014-07-09,-0.0015006926273664243
2014-07-10,0.022621295618328277
2014-07-11,0.023515224600542693
2014-07-14,-0.010824742268041228
2014-07-15,0.007369909923323014
2014-07-16,-0.01847620455217268
2014-07-17,0.03026657170090612
2014-07-18,0.014324779778982537
2014-07-21,-0.001873198847262387
2014-07-22,0.029161253067706228
2014-07-23,0.05176041520549863
2014-07-24,0.002800746865830805
2014-07-25,-0.0035909030456177157
2014-07-28,-0.016150560597971274
2014-07-29,0.013118979785646629
2014-07-30,-0.027143564953064542
2014-07-31,-0.003991741225051703
2014-08-01,0.015892758430071943
2014-08-04,-0.01115494490545514
2014-08-05,-0.003026551107442549
2014-08-06,0.009659169311439255
2014-08-07,-0.0015033483668169937
2014-08-08,0.005201204489460655
2014-08-11,-0.008306100217864916
2014-08-12,0.012906769188521183
2014-08-13,0.00713026975735408
2014-08-14,-0.008964143426294969
2014-08-15,0.013038163791932745
2014-08-18,0.009384636010189072
2014-08-19,-0.006375348651879452
2014-08-20,-0.0032081272557145982
2014-08-21,0.0
2014-08-22,0.006034598363953371
2014-08-25,0.012531324980005346
2014-08-26,-0.01751050880659717
2014-08-27,-0.010384563848318257
2014-08-28,0.013066143118272143
2014-08-29,0.024859663191660167
2014-09-02,-0.011085028690662604
2014-09-03,0.001582487142292029
2014-09-04,0.017248189598420043
2014-09-05,0.00815428423505042
2014-09-08,-0.015663114648863767
2014-09-09,0.009912612495108974
2014-09-10,0.00632829652589429
2014-09-11,-0.00564681724845993
2014-09-12,-0.03742901393908112
2014-09-15,0.02011263073209976
2014-09-16,0.004600420609884444
2014-09-17,0.007457804527018097
2014-09-18,0.011818181818181775
2014-09-19,-0.014247208317289173
2014-09-22,0.019401041666666785
2014-09-23,0.0031293907267849063
2014-09-24,-0.01674412682243583
2014-09-25,0.020331520331520428
2014-09-26,0.0026653128569614636
2014-09-29,0.0005063291139241298
2014-09-30,-0.03150303643724708
2014-10-01,0.006923579359895508
2014-10-02,0.0046704722366372525
2014-10-03,0.0014850206611571424
2014-10-06,-0.0163110050931597
2014-10-07,0.01612268973653152
2014-10-08,-0.020768833849329198
2014-10-09,-0.03952048478461336
2014-10-10,0.0010972431765189727
2014-10-13,0.008220304151253714
2014-10-14,-0.005163745074059107
2014-10-15,-0.007922414970632405
2014-10-16,0.045711138647941726
2014-10-17,0.013166556945358789
2014-10-20,0.02261208576998044
2014-10-21,-0.004066590418096241
2014-10-22,0.021309174428990704
2014-10-23,0.007871064467766059
2014-10-24,-0.004834510970621056
2014-10-27,0.0061036372695564885
2014-10-28,-0.060789897239073874
2014-10-29,-0.023068810967571844
2014-10-30,0.011874240993118276
2014-10-31,-0.014801973596479523
2014-11-03,0.025446670276123576
2014-11-04,-0.012275607180570311
2014-11-05,0.005746358412401535
2014-11-06,0.004517672070156646
2014-11-07,-0.007936507936507861
2014-11-10,-0.005200000000000008
2014-11-11,0.0014743331993030348
2014-11-12,-0.006290149892933604
2014-11-13,0.008484848484848423
2014-11-14,-0.008547008547008555
2014-11-17,0.0013469827586208047
2014-11-18,-0.0135862254506323
2014-11-19,0.003681985544797437
2014-11-20,0.002038043478260947
2014-11-21,0.0035254237288136286
2014-11-24,0.021888933927847454
2014-11-25,0.02631230992992211
2014-11-26,0.001030662200463776
2014-11-28,-0.03346203346203357
2014-12-01,0.004793608521970699
2014-12-02,-0.007686191359660726
2014-12-03,0.0048076923076923
2014-12-04,0.014885699096225474
2014-12-05,0.002095337873232014
2014-12-08,0.004181913225300672
2014-12-09,-0.00858927641853197
2014-12-10,0.020346547650301878
2014-12-11,0.00128650456709114
2014-12-12,-0.010792753436978074
2014-12-15,-0.02987400961163784
2014-12-16,0.019011915919132438
2014-12-17,0.030088030482196902
2014-12-18,0.018877551020408032
2014-12-19,0.01965448172258397
2014-12-22,-0.010313075506445713
2014-12-23,0.001984865401314931
2014-12-24,6.190417234133544e-05
2014-12-26,-0.009346951408232865
2014-12-29,-0.009997500624843754
2014-12-30,-0.015147689977278502
2014-12-31,0.005511407331453561
2015-01-02,-0.016061185468451308
2015-01-05,-0.013473247830029693
2015-01-06,0.0
2015-01-07,0.026592252133946045
2015-01-08,-0.005564438759194145
2015-01-09,-0.013120658605608388
2015-01-12,-0.00351929092805
2015-01-13,-0.002223675604970591
2015-01-14,-0.02923439958049297
2015-01-15,0.015259959486833351
2015-01-16,0.014099494546421761
2015-01-20,0.006558237145855195
2015-01-21,0.011858222569716066
2015-01-22,0.0023180940115903746
2015-01-23,-0.004304252858794729
2015-01-26,-0.022130460029679378
2015-01-27,0.006070203219846843
2015-01-28,0.023084994753410353
2015-01-29,-0.02679487179487184
2015-01-30,-0.01211961533394812
2015-02-02,0.005467395652753845
2015-02-03,0.003050397877983949
2015-02-04,-0.0001983339944466557
2015-02-05,-0.015142498181577677
2015-02-06,-0.0004028467839398568
2015-02-09,0.010075228371843095
2015-02-10,0.01755552600079808
2015-02-11,-0.003659652333028377
2015-02-12,-0.006427915518824729
2015-02-13,-0.0018484288354898412
2015-02-17,0.014682539682539675
2015-02-18,0.035327858167123034
2015-02-19,0.005980861244019067
2015-02-20,-0.013204831341135148
2015-02-23,-0.004946727549467282
2015-02-24,0.014149139579349896
2015-02-25,0.010683760683760613
2015-02-26,-0.017908220370600643
2015-02-27,0.00987716854501711
2015-03-02,-0.0018808777429467798
2015-03-03,0.01626884422110555
2015-03-04,0.0038939365844613107
2015-03-05,-0.014838074128801853
2015-03-06,-0.007062058621336138
2015-03-09,-0.023791540785498496
2015-03-10,0.00025789813023850445
2015-03-11,0.01753255124403782
2015-03-12,-0.011149119472950837
2015-03-13,0.0002562459961562591
2015-03-16,0.016587677725118505
2015-03-17,0.01946701946701949
2015-03-18,0.02274131751328641
2015-03-19,0.012688821752265827
2015-03-20,0.007517899761336631
2015-03-23,0.010422835485017119
2015-03-24,-0.02801547298089322
2015-03-25,0.001085383502170808
2015-03-26,0.003493554993374196
2015-03-27,-0.00126050420168072
2015-03-30,-0.011779554059739045
2015-03-31,-0.006689776804719299
2015-04-01,-0.0013469662646176381
2015-04-02,0.010851572558396062
2015-04-06,-0.001455604075691467
2015-04-07,-0.0005466472303205478
2015-04-08,-0.0012762078395624913
2015-04-09,-0.0015820859194352617
2015-04-10,0.011823500731350547
2015-04-13,0.006083604385013799
2015-04-14,-0.009698856492845624
2015-04-15,-0.0047760111238739624
2015-04-16,-0.01864900984084554
2015-04-17,0.02865985762921693
2015-04-20,0.006378625586713216
2015-04-21,0.012078450131547368
2015-04-22,-0.026231832683445575
2015-04-23,-0.01067831573838121
2015-04-24,0.0046608610327486255
2015-04-27,-0.01501648150408973
2015-04-28,-0.002664848785324782
2015-04-29,-0.021065059342571395
2015-04-30,0.002792941475180892
2015-05-01,-0.0022787694644890825
2015-05-04,-0.0158609313538891
2015-05-05,0.0069623517276945854
2015-05-06,0.004161331626120395
2015-05-07,0.0010838380618426262
2015-05-08,-0.006368615462998344
2015-05-11,-0.007050378156646729
2015-05-12,0.012651691195455771
2015-05-13,0.037353391126976124
2015-05-14,-0.011675064520093434
2015-05-15,0.005719970156677366
2015-05-18,-0.0030909990108803167
2015-05-19,-0.0009921865310678196
2015-05-20,-0.000869025450030952
2015-05-21,0.000745526838966231
2015-05-22,-0.014961509808790817
2015-05-26,0.01531480431083385
2015-05-27,-0.005027932960893869
2015-05-28,-0.011915902426851312
2015-05-29,0.013890642757924088
2015-06-01,0.0019305019305017675
2015-06-02,0.024799552489278447
2015-06-03,-0.004730713245997096
2015-06-04,0.0010968921389397125
2015-06-05,-0.017896274653031397
2015-06-08,0.0
2015-06-09,0.018470311144167532
2015-06-10,-0.004016553067185958
2015-06-11,-0.003666137113528011
2015-06-12,-0.010057647491720929
2015-06-15,0.0043365134431917795
2015-06-16,0.009005674808783667
2015-06-17,0.013632473407506967
2015-06-18,-0.00476448947590611
2015-06-19,0.0270270270270269
2015-06-22,0.03705451970734011
2015-06-23,0.011151570323168002
2015-06-24,-0.009903218546027407
2015-06-25,0.0003409865878608904
2015-06-26,-0.025110782865583544
2015-06-29,-0.0004079254079253682
2015-06-30,0.01335043432635686
2015-07-01,0.004314808422506041
2015-07-02,0.003036031391418922
2015-07-06,-0.003769274700171311
2015-07-07,-0.01800045861041038
2015-07-08,0.0026853473438410947
2015-07-09,0.024103400093153326
2015-07-10,0.024445707788516104
2015-07-13,-0.004661487236403857
2015-07-14,0.0008920606601248694
2015-07-15,0.012143493761140699
2015-07-16,0.04534947716015415
2015-07-17,0.030957144361377253
2015-07-20,0.004902461444183474
2015-07-21,-0.013720906596198743
2015-07-22,-0.016488046166529352
2015-07-23,0.01582145850796317
2015-07-24,-0.028674574522949987
2015-07-27,0.011893384304980402
2015-07-28,0.01784027704900817
2015-07-29,-0.018352407464687095
2015-07-30,-0.012603718096838449
2015-07-31,0.001382831613658073
2015-08-03,-0.0008497981729339101
2015-08-04,0.025302998086327827
2015-08-05,-0.01368726669431764
2015-08-06,-0.008620689655172492
2015-08-07,-0.001590668080593759
2015-08-10,-0.005629314922995232
2015-08-11,0.0060884426404613666
2015-08-12,-0.008068797112219885
2015-08-13,0.010596168254307982
2015-08-14,-0.005189578479135722
2015-08-17,0.013201320132013146
2015-08-18,0.0014710518020384636
2015-08-19,-0.04983737278354842
2015-08-20,-0.049690812720848056
2015-08-21,-0.046130606553567266
2015-08-24,0.011085394079668614
2015-08-25,0.050481927710843345
2015-08-26,0.02913178116756516
2015-08-27,0.014265017274044367
2015-08-28,-0.01736072959015491
2015-08-31,-0.024600246002460056
2015-09-01,0.03049409606786652
2015-09-02,-0.01935699187896312
2015-09-03,0.001247872943845711
2015-09-04,0.014389304328121414
2015-09-08,0.010164190774042183
2015-09-09,0.01702786377708985
2015-09-10,0.0007610350076102759
2015-09-11,0.0028245518739815874
2015-09-14,0.0063915068789947285
2015-09-15,0.005920344456404705
2015-09-16,0.00952380952380953
2015-09-17,0.0006359974560102
2015-09-18,0.012182203389830417
2015-09-21,-0.027106227106227142
2015-09-22,0.010864888123924324
2015-09-23,0.004682345429392335
2015-09-24,-0.017371041203262372
2015-09-25,-0.03837447450684491
2015-09-28,-0.028472144378432825
2015-09-29,0.03726779739240803
2015-09-30,0.011679644048943238
2015-10-01,0.012314458493677738
2015-10-02,0.02107092429673088
2015-10-05,-0.012870971173279523
2015-10-06,-0.004310344827586115
2015-10-07,0.0007575757575756837
2015-10-08,0.0083270249810749
2015-10-09,0.01093951093951105
2015-10-12,-0.0014852535539995816
2015-10-13,-0.0005312367190821437
2015-10-14,0.02009142128202403
2015-10-15,0.016465193830762948
2015-10-16,0.009534549928234494
2015-10-19,-0.014928404590230517
2015-10-20,0.0011340206185566951
2015-10-21,0.026361857687158916
2015-10-22,0.025283435336610774
2015-10-23,0.015461395439866897
2015-10-26,-0.0006745687578297502
2015-10-27,0.0048216007714561235
2015-10-28,0.006525911708253288
2015-10-29,-0.02774599542334093
2015-10-30,0.013141119937236476
2015-11-02,-0.007066111702642571
2015-11-03,0.013257945018522123
2015-11-04,0.046372907446603884
2015-11-05,-0.015308937109231391
2015-11-06,-0.00564918997152065
2015-11-09,0.013334585407080494
2015-11-10,0.01019367991845064
2015-11-11,-0.009081735620585351
2015-11-12,-0.037678207739307475
2015-11-13,0.0008658008658008985
2015-11-16,0.010476739715493935
2015-11-17,0.025111766384476368
2015-11-18,-0.014011320404565195
2015-11-19,0.009975531714662037
2015-11-20,-0.0034476332463659184
2015-11-23,-0.011313697989714894
2015-11-24,-0.0031208624929071147
2015-11-25,0.0003794706384594085
2015-11-27,-0.011474632527264182
2015-11-30,0.027628549501151282
2015-12-01,-0.00980209111277083
2015-12-02,-0.01593287451682849
2015-12-03,0.01724468288944253
2015-12-04,-0.0053682426068940225
2015-12-07,0.008332544266641373
2015-12-08,-0.01774814536576205
2015-12-09,0.00783938814531556
2015-12-10,-0.03130335799658506
2015-12-11,0.024872698785742185
2015-12-14,-0.0010510223581119763
2015-12-15,0.021425155428024957
2015-12-16,-0.005337578424946225
2015-12-17,-0.020523441913010664
2015-12-18,0.007016532103037195
2015-12-21,0.007063090579364409
2015-12-22,-0.008340441664297314
2015-12-23,0.003727420433909974
2015-12-24,0.00866501618739298
2015-12-28,0.012555461153591978
2015-12-29,-0.009696065634905894
2015-12-30,-0.014686499717567334
2015-12-31,-0.023313586852665755
2016-01-04,0.0049892388964978005
2016-01-05,0.002336221162269978
2016-01-06,-0.049043410702146226
2016-01-07,-0.006025326797385656
2016-01-08,0.0018493784033700486
2016-01-11,0.01907496667008511
2016-01-12,-0.039549159706148806
2016-01-13,0.030699916177703342
2016-01-14,-0.034563383145267926
2016-01-15,0.003053595872380818
2016-01-19,-0.009552802855343384
2016-01-20,-0.0020137784843666955
2016-01-21,0.0401444350042481
2016-01-22,-0.009495609556871478
2016-01-25,0.003401711163797529
2016-01-26,-0.029689747277583733
2016-01-27,0.15521439915299096
2016-01-28,0.028411694620108095
2016-01-29,0.025666161661171107
2016-02-01,-0.004170649057259571
2016-02-02,-0.01675246488090046
2016-02-03,-0.019522584080220097
2016-02-04,-0.05810480586478416
2016-02-05,-0.04151052176419711
2016-02-08,-0.0021052631578946743
2016-02-09,0.014667470363672832
2016-02-10,0.009009900990098976
2016-02-11,0.0009812579727211121
2016-02-12,-0.003921184197627739
2016-02-16,0.03533116819210711
2016-02-17,-0.016444866920152127
2016-02-18,0.010631100802164823
2016-02-19,0.024768097924835072
2016-02-22,-0.015864128406121714
2016-02-23,0.013464820785131821
2016-02-24,0.011133982035928122
2016-02-25,-0.0013879892662162624
2016-02-26,-0.009266123054114159
2016-02-29,0.027123082678638152
2016-03-01,0.0011837552358405542
2016-03-02,-0.003365165984538468
2016-03-03,-0.010859645920788445
2016-03-04,-0.024541009318202755
2016-03-07,0.0018916107065166258
2016-03-08,0.014915510242613029
2016-03-09,-0.001767277462561733
2016-03-10,0.01947446887812154
2016-03-11,0.0043871675349602774
2016-03-14,0.007098007098007108
2016-03-15,0.013644167344357144
2016-03-16,-0.010340524157603946
2016-03-17,0.003873176004323607
2016-03-18,0.0035890533871690577
2016-03-21,0.0035762181493071586
2016-03-22,0.0025835189309577396
2016-03-23,0.0045317220543805836
2016-03-24,0.005661211853162323
2016-03-28,0.021549828480957014
2016-03-29,-0.012398828999483363
2016-03-30,-0.005231037489102079
2016-03-31,0.01717791411042952
2016-04-01,-0.03024297777011895
2016-04-04,-0.0029320302087960754
2016-04-05,0.013277490643379032
2016-04-06,-0.0006156010904933004
2016-04-07,-0.02648715241112289
2016-04-08,-0.014824188737232222
2016-04-11,0.014863748967795253
2016-04-12,-0.0009040773890244491
2016-04-13,0.00298615509908604
2016-04-14,-0.010826416456153039
2016-04-15,0.007387814666180247
2016-04-18,0.016659121774558656
2016-04-19,0.0011577166265918197
2016-04-20,0.009073118662159723
2016-04-21,-0.02538787023977429
2016-04-22,-0.0041606367583213455
2016-04-25,-0.01217075386012706
2016-04-26,0.0011952923869069092
2016-04-27,0.07199926531361928
2016-04-28,0.007281761329563902
2016-04-29,0.008419799285592744
2016-05-02,-0.009614573669562169
2016-05-03,0.005364898237247683
2016-05-04,-0.0021175673386413687
2016-05-05,0.014260249554367138
2016-05-06,-0.0020922252908193153
2016-05-09,0.010566923851056736
2016-05-10,-0.008132780082987585
2016-05-11,0.006358768406961221
2016-05-12,-0.003907549052211497
2016-05-13,-0.009515065520407316
2016-05-16,-0.011123283053846864
2016-05-17,0.002556455048998819
2016-05-18,-0.007139821504462417
2016-05-19,0.004622891875695506
2016-05-20,-0.011759693225394082
2016-05-23,0.014917651116668137
2016-05-24,0.00161427357689038
2016-05-25,0.0134023242005259
2016-05-26,-0.000753327195111772
2016-05-27,-0.004774669123806276
2016-05-31,-0.0002525039979799776
2016-06-01,0.0012628388617612872
2016-06-02,-0.0038678214075507267
2016-06-03,0.00270110576517268
2016-06-06,-0.008670763532283871
2016-06-07,0.005349864130434744
2016-06-08,0.0014359320888588708
2016-06-09,-0.01636302294197029
2016-06-10,-0.022894872234608142
2016-06-13,0.008688021061869196
2016-06-14,-0.002958065077431733
2016-06-15,-0.0018324607329842388
2016-06-16,-0.011976571378617051
2016-06-17,0.0030967970270749296
2016-06-20,0.00890888242039332
2016-06-21,-0.004109109984262973
2016-06-22,0.01027126678957073
2016-06-23,-0.026068821689259645
2016-06-24,-0.027748037116345464
2016-06-27,0.034229604478296816
2016-06-28,0.012954747116237744
2016-06-29,0.0010511562718991288
2016-06-30,-0.0007875393769688783
2016-07-01,-0.001663893510815288
2016-07-05,0.023684210526315815
2016-07-06,-0.007283633247643603
2016-07-07,0.011998273629693575
2016-07-08,0.005373592630501618
2016-07-11,0.0005090353779587874
2016-07-12,-0.009751547528194739
2016-07-13,0.004367186162014087
2016-07-14,-0.0036661266945179198
2016-07-15,0.021478692452507317
2016-07-18,0.01038786964899049
2016-07-19,0.010861454274106643
2016-07-20,-0.010744750656167998
2016-07-21,0.003233562722825641
2016-07-22,0.0052066115702478965
2016-07-25,-0.003370878895009427
2016-07-26,0.017488863223890486
2016-07-27,0.013458731960434542
2016-07-28,-0.008480000000000019
2016-07-29,0.0029853154752299865
2016-08-01,-0.009814174241814808
2016-08-02,-0.004711999350069041
2016-08-03,0.015100808097298133
2016-08-04,0.006352524927629513
2016-08-05,0.000878945265681178
2016-08-08,-0.0015966789078716496
2016-08-09,-0.0014393091316168784
2016-08-10,0.00016015374759777571
2016-08-11,-0.0001601281024820675
2016-08-12,-0.007847533632286914
2016-08-15,-0.004842615012106606
2016-08-16,0.008678021086780272
2016-08-17,-0.003698641151403135
2016-08-18,-0.0028246307804050868
2016-08-19,0.0047750080932340835
2016-08-22,0.0017720499395891974
2016-08-23,-0.00715606657554073
2016-08-24,0.0033203757693553333
2016-08-25,0.008636693841310786
2016-08-26,0.01264404609475042
2016-08-29,-0.0055318476371108176
2016-08-30,0.002225047679593143
2016-08-31,0.00039644782746588294
2016-09-01,0.0026947768883253025
2016-09-02,0.02545253339656932
2016-09-06,0.010174978802127662
2016-09-07,-0.005951926745516986
2016-09-08,-0.024334075381899252
2016-09-09,0.01250983477576714
2016-09-12,-0.011500505089750595
2016-09-13,0.004402169640751532
2016-09-14,0.0045394067464976
2016-09-15,0.0056096610829762285
2016-09-16,-0.0032540481909040637
2016-09-19,-7.773027594262982e-05
2016-09-20,0.010105721393034915
2016-09-21,0.001077420347852969
2016-09-22,-0.01629766297662991
2016-09-23,-0.005079712410128098
2016-09-26,0.010839682664362544
2016-09-27,0.004196130235449468
2016-09-28,-0.00882148108024442
2016-09-29,0.0014052619252088907
2016-09-30,0.003898027598035394
2016-10-03,-0.004504154694416498
2016-10-04,0.002184257742413614
2016-10-05,0.0021016579746245055
2016-10-06,0.0019418983998757183
2016-10-07,0.00969067369563532
2016-10-10,-0.010442260442260546
2016-10-11,0.0013190564866543755
2016-10-12,-0.00953118946144919
2016-10-13,0.0004694101079643426
2016-10-14,-0.0026587425711603785
2016-10-17,0.00807589775756615
2016-10-18,0.011977910865676445
2016-10-19,-0.0008454384751365278
2016-10-20,0.01592307692307687
2016-10-21,0.009161808132051245
2016-10-24,-0.0074279711884754586
2016-10-25,-0.009448937939375615
2016-10-26,-0.010302197802197759
2016-10-27,0.012337111573752751
2016-10-28,-0.0022850178993067483
2016-10-31,-0.01137491411558141
2016-11-01,-0.01799227799227798
2016-11-02,-0.056381221986317544
2016-11-03,0.00625
2016-11-04,0.011594202898550772
2016-11-07,0.01694637740483007
2016-11-08,-0.008372242795040992
2016-11-09,-0.01932131839584356
2016-11-10,-0.014735099337748353
2016-11-11,-0.033103680053772455
2016-11-14,0.018421967327076856
2016-11-15,-0.007337883959044364
2016-11-16,0.012463469142169527
2016-11-17,-0.006537057475167758
2016-11-18,0.04059135190565715
2016-11-21,-0.0024636610002463427
2016-11-22,-0.005186465794023178
2016-11-23,-0.00380668652763992
2016-11-25,0.00024921083236418954
2016-11-28,0.0038202807075824927
2016-11-29,-0.02026971126003146
2016-11-30,-0.028035804762709064
2016-12-01,0.0026064291920070495
2016-12-02,0.01759098786828424
2016-12-05,-0.0010218853785234144
2016-12-06,0.005455630381041689
2016-12-07,0.008139041966935089
2016-12-08,0.006475485661424693
2016-12-09,-0.01595922459893057
2016-12-12,0.021567462002207747
2016-12-13,-0.0008311861025684359
2016-12-14,0.002994759171449958
2016-12-15,-0.005805755992369484
2016-12-16,-0.005255693668140566
2016-12-19,-0.0012579671251257253
2016-12-20,-0.0004198505332101533
2016-12-21,-0.013776881720430111
2016-12-22,-0.0011073253833050226
2016-12-23,0.006310224268781522
2016-12-27,-0.009236505380899953
2016-12-28,-0.004875128292849875
2016-12-29,-0.011173184357541876
2016-12-30,0.015732290308561516
2017-01-03,0.01565976381995549
2017-01-04,0.01668211306765527
2017-01-05,0.02270655506753953
2017-01-06,0.012073575885260588
2017-01-09,-0.004403522818254695
2017-01-10,0.013992762364294404
2017-01-11,0.004203346815766525
2017-01-12,0.013583951982309262
2017-01-13,-0.0036621474209131903
2017-01-17,0.0003910221318526406
2017-01-18,-0.0028924327704815864
2017-01-19,-0.003998431987455828
2017-01-20,0.014877204030226705
2017-01-23,0.0034127045683704157
2017-01-24,0.016309809074746735
2017-01-25,0.009887435351384328
2017-01-26,-0.004518752824220472
2017-01-27,-0.009078529278257051
2017-01-30,-0.005038937242327048
2017-01-31,0.022329650092081006
2017-02-01,-0.017938902649553303
2017-02-02,0.00107000917150708
2017-02-03,0.008245533669262579
2017-02-06,-0.0016659094351052465
2017-02-07,0.017900485436893092
2017-02-08,-0.0004470938897168575
2017-02-09,0.0003727448933950453
2017-02-10,-0.0010432968179446035
2017-02-13,-0.0014919806042522719
2017-02-14,-0.003063130369816934
2017-02-15,0.0029976019184652703
2017-02-16,-0.0023161984459055757
2017-02-17,0.0014229012206994512
2017-02-21,0.017947950942267466
2017-02-22,-0.005583308845136577
2017-02-23,0.0005910165484632393
2017-02-24,0.007161842882457168
2017-02-27,-0.006377831537277359
2017-02-28,0.013870444149328578
2017-03-01,-0.00480279435307813
2017-03-02,0.002997952617724456
2017-03-03,0.001822555952467741
2017-03-06,-0.0008732353369231272
2017-03-07,0.0030589949016750725
2017-03-08,0.00377577693871631
2017-03-09,0.003978587962962839
2017-03-10,0.00583615534260395
2017-03-13,-0.002005730659025796
2017-03-14,0.0028710881424060127
2017-03-15,0.0019324363011738494
2017-03-16,-0.0010715051075077197
2017-03-17,0.0007151029748283346
2017-03-20,-0.010218665142203851
2017-03-21,0.007797270955165783
2017-03-22,-0.0004298302170642759
2017-03-23,0.00580520318211139
2017-03-24,-0.00014251104460602987
2017-03-27,0.010262257696693257
2017-03-28,0.006278216704289043
2017-03-29,-0.0016824395373291909
2017-03-30,-0.002527912365704552
2017-03-31,0.0016191481872579357
2017-04-03,-0.003865617093056026
2017-04-04,0.0008466803076272105
2017-04-05,-0.0047937962636588425
2017-04-06,-0.0027626266203866715
2017-04-07,0.0018468532461996796
2017-04-10,-0.007941009642654599
2017-04-11,-0.00242995997712961
2017-04-12,-0.0013612265367533038
2017-04-13,0.014563455054164584
2017-04-17,-0.0032527223872152425
2017-04-18,0.0092934165720772
2017-04-19,0.01075419976101779
2017-04-20,-0.0008344923504868188
2017-04-21,0.012458240534521102
2017-04-24,0.00701175500103121
2017-04-25,0.0004778483172912361
2017-04-26,0.00777838427947589
2017-04-27,0.017264725795531562
2017-04-28,0.014708818635607374
2017-05-01,0.0020989111898202357
2017-05-02,-0.006414452153423156
2017-05-03,-0.006258234519104196
2017-05-04,-0.004043752071594201
2017-05-05,0.0054579339723109235
2017-05-08,-0.0038395339600159704
2017-05-09,-0.0012626262626262476
2017-05-10,-0.0016634506620533636
2017-05-11,0.0019328179152227438
2017-05-12,-0.0009312845074171142
2017-05-15,-0.0027298754910446543
2017-05-16,-0.032914941914808434
2017-05-17,0.019399378667587175
2017-05-18,0.002708925910876376
2017-05-19,0.0012157233553965069
2017-05-22,-0.0011467889908257955
2017-05-23,0.013304518133315317
2017-05-24,0.012796587576646335
2017-05-25,0.0011187154514345056
2017-05-26,0.0016433313613356997
2017-05-30,-0.006037537734610759
2017-05-31,0.00046216822923539667
2017-06-01,0.013726654787830875
2017-06-02,0.00013019985678003912
2017-06-05,-0.0053374991863567875
2017-06-06,0.0020286630456122132
2017-06-07,0.010384012539184974
2017-06-08,-0.03302953913774167
2017-06-09,-0.0077540106951871435
2017-06-12,0.015090272163837301
2017-06-13,-0.002853729758428503
2017-06-14,-0.0029950083194674785
2017-06-15,0.005607476635513851
2017-06-16,0.014803505045140854
2017-06-19,-0.004055733629881628
2017-06-20,0.010903119868637087
2017-06-21,-0.00331362484568898
2017-06-22,0.0108865710560625
2017-06-23,-0.00954407686851093
2017-06-26,-0.019597630054039916
2017-06-27,0.017665028556249147
2017-06-28,-0.014356564865570458
2017-06-29,-0.0003972457627118795
2017-06-30,-0.01688965425884212
2017-07-03,0.012868018594623705
2017-07-05,-0.010110416389517162
2017-07-06,0.017605160596694026
2017-07-07,0.013602746962493412
2017-07-10,0.011530944625407233
2017-07-11,0.02337863077220323
2017-07-12,0.0022655758338576792
2017-07-13,0.004458118799447495
2017-07-14,-0.0015002813027443214
2017-07-17,0.019595567520190472
2017-07-18,0.007859511236644802
2017-07-19,0.0023760204703302964
2017-07-20,-0.0006077918920561255
2017-07-21,0.009548135984917553
2017-07-24,-0.004337349397590355
2017-07-25,0.00199661181026145
2017-07-26,0.029164905500875454
2017-07-27,0.011793006336540665
2017-07-28,-0.01855610321832409
2017-07-31,0.00360413589364853
2017-08-01,-0.0032968326857412116
2017-08-02,-0.00419373892498528
2017-08-03,0.006109496411412309
2017-08-04,0.013913453602169468
2017-08-07,-0.0043609722060704735
2017-08-08,-0.0002920049056823159
2017-08-09,-0.0220820189274448
2017-08-10,0.0040621266427718445
2017-08-11,0.015885292717753376
2017-08-14,0.0014641288433382138
2017-08-15,-0.005847953216374269
2017-08-16,-0.018176470588235315
2017-08-17,0.0029956263854772035
2017-08-18,0.002210142763275817
2017-08-21,0.011085945881511416
2017-08-22,-0.005482197594906734
2017-08-23,-0.005749510995198855
2017-08-24,-0.008465482294026563
2017-08-25,0.005531505531505628
2017-08-28,0.004843338914135388
2017-08-29,0.011127640583159631
2017-08-30,0.012064500941619654
2017-08-31,0.0002907483863465219
2017-09-01,-0.007557260783629876
2017-09-05,0.008024835988753542
2017-09-06,0.006508222441745625
2017-09-07,-0.013047745511229255
2017-09-08,0.014975138929511567
2017-09-11,-0.003169846118379246
2017-09-12,0.0005203515263644971
2017-09-13,-0.012077434267552749
2017-09-14,0.003977538605521633
2017-09-15,-0.009496620834304333
2017-09-18,0.014763837421328271
2017-09-19,-0.002028750289821602
2017-09-20,-0.006156705581692362
2017-09-21,-0.003331190462275855
2017-09-22,-0.04497478597396498
2017-09-25,0.00822742064223002
2017-09-26,0.021131477985506356
2017-09-27,0.006261927480915928
2017-09-28,0.012682984650032685
2017-09-29,-0.008193363375665744
2017-10-02,0.0028913672036349155
2017-10-03,-0.009060955518945753
2017-10-04,0.016743854649091686
2017-10-05,0.005781359495444876
2017-10-06,0.0015676711374325626
2017-10-09,-0.00527536231884056
2017-10-10,0.006702022262369635
2017-10-11,-0.001099918953340267
2017-10-12,0.006896551724137917
2017-10-13,0.004489467019684592
2017-10-16,0.009110703644281477
2017-10-17,-0.0004542615410823491
2017-10-18,-0.008350849287053336
2017-10-19,0.002406049495875272
2017-10-20,-0.02120242313407235
2017-10-23,0.003094529106089806
2017-10-24,-0.0069848661233994
2017-10-25,0.00017584994138335953
2017-10-26,0.04248959737443592
2017-10-27,0.011187317292556832
2017-10-30,0.0010563184522154763
2017-10-31,0.014439631234033069
2017-11-01,-0.020475199824811174
2017-11-02,0.0
2017-11-03,0.0069863626201654375
2017-11-06,0.0004440250874175085
2017-11-07,-0.0038280166435506117
2017-11-08,-0.001447983960792999
2017-11-09,-0.004684885666480777
2017-11-10,0.001737083940378809
2017-11-13,-0.003915645801868418
2017-11-14,-0.0006738922895490793
2017-11-15,0.009216071930317588
2017-11-16,-0.0032852608719862097
2017-11-17,-0.001452513966480396
2017-11-20,0.017455521987244066
2017-11-21,-0.005443747937974316
2017-11-22,0.010560070769060632
2017-11-24,0.0013677645256592625
2017-11-27,-0.003332786974812947
2017-11-28,-0.039962723385593646
2017-11-29,0.01170559013304409
2017-11-30,-0.011739473981262063
2017-12-01,-0.020731010850942293
2017-12-04,0.00793141657432795
2017-12-05,0.018688885031533816
2017-12-06,0.023173917982505874
2017-12-07,-0.006328411235705487
2017-12-08,0.00022346368715079354
2017-12-11,-0.011617515638963271
2017-12-12,0.0075723327305605975
2017-12-13,0.0005047672462141054
2017-12-14,0.010034194741857842
2017-12-15,0.003552003552003476
2017-12-18,-0.007244773808207069
2017-12-19,-0.009024566876497157
2017-12-20,-0.002473438641857315
2017-12-21,-0.0014088475626937167
2017-12-22,-0.006828442437923136
2017-12-26,0.009261889880106799
2017-12-27,0.001688998986600512
2017-12-28,-0.008205935251798446
2017-12-29,0.02810835316785662
2018-01-02,0.017914232168448903
2018-01-03,-0.0018411220014077816
2018-01-04,0.013671133293549513
2018-01-05,0.00765319775220769
2018-01-08,-0.002177607818143173
2018-01-09,-0.0001596848884867256
2018-01-10,-0.00037265758091989555
2018-01-11,-0.0447355807637003
2018-01-12,-0.005463566928694978
2018-01-16,-0.004428499355344986
2018-01-17,0.012387387387387485
2018-01-18,0.008286985539488213
2018-01-19,0.02250537812344869
2018-01-22,0.021470572368775906
2018-01-23,-0.014787430683918579
2018-01-24,0.004985258643795113
2018-01-25,0.013441433752933702
2018-01-26,-0.02115789473684216
2018-01-29,0.006129691364662947
2018-01-30,-0.001229157759726476
2018-01-31,0.03317459468136346
2018-02-01,-0.014552799212802331
2018-02-02,-0.04740382594071899
2018-02-05,0.022343594836147035
2018-02-06,-0.027683341427877584
2018-02-07,-0.047730047730047694
2018-02-08,0.026401678517309714
2018-02-09,0.001703480779058446
2018-02-12,-0.01847967802278777
2018-02-13,0.03678891134854175
2018-02-14,0.00245098039215685
2018-02-15,-0.014447655034452068
2018-02-16,-0.007611637347767381
2018-02-20,0.010794841202204452
2018-02-21,0.006070485076724257
2018-02-22,0.02402368847421634
2018-02-23,0.008947569425500655
2018-02-26,-0.01876385659438706
2018-02-27,-0.017304089055439297
2018-02-28,-0.013346792283535193
2018-03-01,0.0038649539615778494
2018-03-02,0.021401879741818598
2018-03-05,-0.0034368070953437056
2018-03-06,0.02186005117365673
2018-03-07,-0.007457405693756488
2018-03-08,0.0158495119008445
2018-03-09,-0.002537385952599465
2018-03-12,-0.01558778956484085
2018-03-13,0.012700681768198826
2018-03-14,-0.0017916282100004564
2018-03-15,0.006689872729250461
2018-03-16,-0.06769679615322276
2018-03-19,-0.02555632823365784
2018-03-20,0.007374368123698963
2018-03-21,-0.026565912981876147
2018-03-22,-0.0333555703802535
2018-03-23,0.004203525942656478
2018-03-26,-0.048981631888042006
2018-03-27,0.00532124556562871
2018-03-28,0.04417434489969281
2018-03-29,-0.02753614118530575
2018-04-02,0.004633502799408117
2018-04-03,-0.006469796938056622
2018-04-04,0.02733720180528697
2018-04-05,-0.013430400401656927
2018-04-06,0.004643765903308004
2018-04-09,0.045019945545494745
2018-04-10,0.007755695588948141
2018-04-11,-0.014730639730639664
2018-04-12,0.003966558857631084
2018-04-13,0.001884269389739863
2018-04-16,0.02323606139659033
2018-04-17,-0.013636902644373195
2018-04-18,0.010459245010819792
2018-04-19,-0.010826888756692405
2018-04-20,-0.002646139042578769
2018-04-23,-0.037083936324167906
2018-04-24,0.0
2018-04-25,0.0906130628091928
2018-04-26,-0.0032728525493798417
2018-04-27,-0.00915951379687772
2018-04-30,0.010813953488372172
2018-05-01,0.012711376969975725
2018-05-02,-0.011643096495711837
2018-05-03,0.01488334674175384
2018-05-04,0.0077005832059338945
2018-05-07,0.00533797831095122
2018-05-08,0.02090319695953504
2018-05-09,0.015712252271980753
2018-05-10,0.007869347275373298
2018-05-11,-0.0018717578480133843
2018-05-14,-0.01243034719245603
2018-05-15,-0.006076388888888914
2018-05-16,0.0030567685589519777
2018-05-17,-0.005877231171092644
2018-05-18,0.00990803590978762
2018-05-21,-0.0037400401105750864
2018-05-22,0.016866158868335115
2018-05-23,-0.005189941144997319
2018-05-24,-0.005432151885118159
2018-05-25,0.004434349989184629
2018-05-29,0.010390868956605891
2018-05-30,0.021900143869558342
2018-05-31,0.011523620815517822
2018-06-01,-0.0036599824733234082
2018-06-04,-0.0017591059602649183
2018-06-05,-0.008292733492277363
2018-06-06,-0.016515104003344813
2018-06-07,0.004888936124986649
2018-06-08,0.0129032258064516
2018-06-11,0.004489923775712716
2018-06-12,5.19750519750047e-05
2018-06-13,0.02286783431214597
2018-06-14,-0.004877800924749799
2018-06-15,0.01256063313760535
2018-06-18,-0.0041349402450708145
2018-06-19,0.022836599321484585
2018-06-20,-0.0024752475247524753
2018-06-21,0.0011910669975186555
2018-06-22,-0.02671755725190847
2018-06-25,0.013496307613954702
2018-06-26,-0.015879396984924608
2018-06-27,0.0019914215686273815
2018-06-28,-0.009733476023034178
2018-06-29,0.01564429806504745
2018-07-02,-0.023459667612484917
2018-07-03,0.02967882529964198
2018-07-05,0.02408667170571933
2018-07-06,0.00743000541258682
2018-07-09,-0.005861092116831186
2018-07-10,-0.004913039206052864
2018-07-11,0.021625357953984375
2018-07-12,0.0019331142470520285
2018-07-13,-0.00043411151842563867
2018-07-16,0.013318534961154366
2018-07-17,-0.0030001428639458805
2018-07-18,-0.006066106228505971
2018-07-19,0.00889038396847515
2018-07-20,0.004620367724111646
2018-07-23,0.017827509364183734
2018-07-24,0.01318302510830583
2018-07-25,-0.1896091954022989
2018-07-26,-0.007772608646317966
2018-07-27,-0.021899479672937185
2018-07-30,0.00888577107447685
2018-07-31,-0.005388805191795148
2018-08-01,0.027497815321875903
2018-08-02,0.007994556897431516
2018-08-03,0.04449319383507704
2018-08-06,-0.010124400883192393
2018-08-07,0.0074533485664545155
2018-08-08,-0.011286316016848489
2018-08-09,-0.015456879130482345
2018-08-10,-0.0011649839121268143
2018-08-13,0.005887253540683156
2018-08-14,-0.008723979901717256
2018-08-15,-0.026903581574110245
2018-08-16,-0.005151688609043946
2018-08-17,-0.007479861910241722
2018-08-20,0.0006956521739130699
2018-08-21,0.005908932916232081
2018-08-22,-0.004261690854641676
2018-08-23,0.010092539039907486
2018-08-24,0.016118411635031048
2018-08-27,-0.006762087230925375
2018-08-28,-0.0020424373085214187
2018-08-29,0.009891984081864586
2018-08-30,-0.010752082864219753
2018-08-31,-0.02600580435895973
2018-09-04,-0.02325309651787795
2018-09-05,-0.02781433185787777
2018-09-06,0.0031378822371253977
2018-09-07,0.006992149165848963
2018-09-10,0.010719941527591611
2018-09-11,-0.023743521754851137
2018-09-12,-0.003950617283950533
2018-09-13,0.005949429846306268
2018-09-14,-0.010719566288812104
2018-09-17,-0.0017436791630340088
2018-09-18,0.0172177167810355
2018-09-19,0.018152827180179125
2018-09-20,-0.018612215395735474
2018-09-21,0.015221260664088809
2018-09-24,-0.003022791850553171
2018-09-25,0.012370383845733988
2018-09-26,0.011320754716981222
2018-09-27,-0.02594171997157069
2018-09-28,-0.012282621914143319
2018-10-01,-0.019145530657473438
2018-10-02,0.01945647398481136
2018-10-03,-0.022040263498122343
2018-10-04,-0.009568775574441182
2018-10-05,-0.0005084853492659538
2018-10-08,0.0041335453100159346
2018-10-09,-0.041291956934768906
2018-10-10,0.013013608138459499
2018-10-11,0.002543201825888587
2018-10-12,-0.0014309873812930847
2018-10-15,0.03426263678999473
2018-10-16,0.004030734349414198
2018-10-17,-0.02822732404968009
2018-10-18,-0.005615801704105191
2018-10-19,0.00473872119441733
2018-10-22,-0.0025197053882931564
2018-10-23,-0.054083813718505055
2018-10-24,0.03362092577376059
2018-10-25,-0.03696588274262991
2018-10-26,-0.0225631148104836
2018-10-29,0.02906608487578292
2018-10-30,0.03809328409246337
2018-10-31,-0.00026352197114429173
2018-11-01,-0.009225700164744683
2018-11-02,-0.011107416029264966
2018-11-05,0.00847457627118638
2018-11-06,0.010604241696678694
2018-11-07,-0.024153632943971468
2018-11-08,-0.019679448163927752
2018-11-09,-0.023523730684326685
2018-11-12,0.004309431296361605
2018-11-13,0.014490714687675875
2018-11-14,-0.00256552489252534
2018-11-15,-0.030031282586027067
2018-11-16,-0.05719200172006013
2018-11-19,0.006689471683770394
2018-11-20,0.01804727025598419
2018-11-21,-0.02291944815309304
2018-11-23,0.03529947620132093
2018-11-26,-0.010118785745710481
2018-11-27,0.01303703703703697
2018-11-28,0.014039192746417198
2018-11-29,0.013916931064320787
2018-11-30,0.0034136974610624402
2018-12-03,-0.022397051527393838
2018-12-04,0.012325092438193203
2018-12-06,-0.015827544224020683
2018-12-07,0.03223693785475191
2018-12-10,0.0016214310891788381
2018-12-11,0.017032657657657567
2018-12-12,0.0035294117647058196
2018-12-13,-0.006551272326046401
2018-12-14,-0.026863806747188704
2018-12-17,0.02475212211998002
2018-12-18,-0.07253236809132665
2018-12-19,0.0012008405884118627
2018-12-20,-0.0633433283358321
2018-12-21,-0.007122849139655866
2018-12-24,0.0815734322102209
2018-12-26,0.002533909673572838
2018-12-27,-0.009812667261373934
2018-12-28,-0.015840840840840732
2018-12-31,0.03501411244183388
2019-01-02,-0.029038915094339604
2019-01-03,0.04713830271747366
2019-01-04,0.0007249003262053117
2019-01-07,0.03245201014125309
2019-01-08,0.011927313548024898
2019-01-09,-0.0002080011093392577
2019-01-10,-0.002773925104022034
2019-01-11,0.011057023643949756
2019-01-14,0.024485865602861288
2019-01-15,-0.009466263846928478
2019-01-16,0.005151145452080923
2019-01-17,0.011732973701955364
2019-01-18,-0.01646227672620634
2019-01-22,-0.022158975401504247
2019-01-23,0.01060291060291061
2019-01-24,0.0218062127134333
2019-01-25,-0.01033487685390237
2019-01-28,-0.02224181189394454
2019-01-29,0.04320687981135994
2019-01-30,0.10816380800425483
2019-01-31,-0.005879176915231806
2019-02-01,0.021362621447106343
2019-02-04,0.011285081240768075
2019-02-05,-0.003914465996728135
2019-02-06,-0.02410698574696471
2019-02-07,0.00570982089193423
2019-02-08,-0.009203370585071537
2019-02-11,-0.0045237951625550395
2019-02-12,-0.005877363063499751
2019-02-13,-0.0007313951362223718
2019-02-14,-0.008844159804818473
2019-02-15,-0.0012923076923077412
2019-02-19,0.0016636884589316054
2019-02-20,-0.01550196850393707
2019-02-21,0.011559610097475597
2019-02-22,0.01686330224226338
2019-02-25,-0.0029765520592881125
2019-02-26,-0.008042405410345416
2019-02-27,-0.008353295252134473
2019-02-28,0.005140910498606458
2019-03-01,0.03136554104017749
2019-03-04,0.023241919101392044
2019-03-05,0.00729884386313208
2019-03-06,-0.01959306706857571
2019-03-07,0.002778927452255655
2019-03-08,0.014563679245283012
2019-03-11,-0.000871738246062682
2019-03-12,0.008434155421126206
2019-03-13,-0.01845763396204659
2019-03-14,-0.024622436387142257
2019-03-15,-0.03319677069526444
2019-03-18,0.006854863837477375
2019-03-19,0.02395246642322216
2019-03-20,0.003868471953578426
2019-03-21,-0.010476878612716817
2019-03-22,0.011865644395764808
2019-03-25,0.00835889109387224
2019-03-26,-0.010794370229007647
2019-03-27,-0.0019292216796285837
2019-03-28,0.006886137118695176
2019-03-29,0.012058311836342858
2019-04-01,0.03260225251926497
2019-04-02,-0.0037887485648679486
2019-04-03,0.014290653451653902
2019-04-04,-0.0017043517782070864
2019-04-05,-0.004495788754837196
2019-04-08,0.01514891670954099
2019-04-09,0.0013515035476967037
2019-04-10,-0.0017433359577100568
2019-04-11,0.008957241845529849
2019-04-12,0.003070910106086049
2019-04-15,-0.004341775674923469
2019-04-16,-0.0005031587186224823
2019-04-17,-0.0027967334153708467
2019-04-18,0.017724927080996166
2019-04-22,0.012896825396825415
2019-04-23,-0.0065295461965392786
2019-04-24,0.058494906342425115
2019-04-25,-0.009158646383110742
2019-04-26,0.0171810538409316
2019-04-29,-0.007084916315843492
2019-04-30,-0.001913133402275101
2019-05-01,-0.002590270942340569
2019-05-02,0.015270347478315056
2019-05-03,-0.00813424054842177
2019-05-06,-0.021198679595626085
2019-05-07,-0.0012119934657744541
2019-05-08,-0.004695578769652772
2019-05-09,-0.0016432547044792063
2019-05-10,-0.03610491664011899
2019-05-13,-0.004461826594689888
2019-05-14,0.03065346096386887
2019-05-15,0.0038653567402158096
2019-05-16,-0.009037916466121171
2019-05-17,-0.013923367512142537
2019-05-20,0.011492994746059514
2019-05-21,0.0027053349204631534
2019-05-22,-0.02401251888625075
2019-05-23,0.00105047824404267
2019-05-24,0.017949850878161935
2019-05-28,-0.011502360154088245
2019-05-29,0.004500795872440821
2019-05-30,-0.030271569859570472
2019-05-31,-0.07505493886290637
2019-06-03,0.020408163265306086
2019-06-04,0.0039999999999999255
2019-06-05,0.0009514182077660999
2019-06-06,0.029822372720251775
2019-06-07,0.008479953850591283
2019-06-10,0.01876215535979866
2019-06-11,-0.017181358787198217
2019-06-12,0.01388254113345525
2019-06-13,0.021750154955767247
2019-06-14,0.04235371973749505
2019-06-17,-0.0028569916935611453
2019-06-18,-0.005252825383350183
2019-06-19,0.010934499679965924
2019-06-20,0.008494697409381023
2019-06-21,0.0076383802448467516
2019-06-24,-0.019522326064382093
2019-06-25,-0.006248676127939032
2019-06-26,0.009804966428647572
2019-06-27,0.018469656992084433
2019-06-28,0.0
2019-07-01,0.010362694300518135
2019-07-02,0.011282051282051224
2019-07-03,-0.004056795131845756
2019-07-05,-0.003258655804480727
2019-07-08,0.017623620760114513
2019-07-09,0.017669795692987208
2019-07-10,-0.007399003600848419
2019-07-11,0.018088754161904363
2019-07-12,-0.00468589837457904
2019-07-15,-0.0003432887058015457
2019-07-16,-0.01000784929356354
2019-07-17,-0.005054509415262687
2019-07-18,-0.012052993326028426
2019-07-19,0.01996370235934654
2019-07-22,0.00019770660340065474
2019-07-23,0.011365882585491118
2019-07-24,-0.019300302941463836
2019-07-25,-0.004783020278013093
2019-07-26,-0.019073842302878608
2019-07-29,0.005613963458201462
2019-07-30,-0.014261063743402367
2019-07-31,-0.007722802862585595
2019-08-01,-0.01924972759819426
2019-08-02,-0.038567347370648715
2019-08-05,0.015297419248335449
2019-08-06,0.0034686466858165673
2019-08-07,0.02705914123683495
2019-08-08,-0.012147665124106028
2019-08-09,-0.013202022890604152
2019-08-12,0.016615417813022518
2019-08-13,-0.04637834969487918
2019-08-14,0.01602581937566076
2019-08-15,0.006079193822224575
2019-08-16,0.013445835601524219
2019-08-19,-0.012676585916098111
2019-08-20,-0.0014145041075022628
2019-08-21,-0.008226641242168452
2019-08-22,-0.023566249176005232
2019-08-23,0.014683544303797546
2019-08-26,0.005211798624972265
2019-08-27,0.002537231108659567
2019-08-28,0.020961707746478885
2019-08-29,0.0005388802069299689
2019-08-30,-0.0176657510637152
2019-09-03,0.026043094467898462
2019-09-04,0.020091909800149726
2019-09-05,-0.017862755369303283
2019-09-06,0.0067736945970450785
2019-09-09,-0.013721127357491012
2019-09-10,0.012461728527689862
2019-09-11,-0.005411427661944985
2019-09-12,-0.0014935723049021238
2019-09-13,-0.005181900742561028
2019-09-16,0.00998818601653965
2019-09-17,0.0003190131858782106
2019-09-18,0.010630381630700543
2019-09-19,-0.0011044493531081284
2019-09-20,-0.01637445374611706
2019-09-23,-0.029654212611069437
2019-09-24,0.008384819064430771
2019-09-25,-0.01471553610503281
2019-09-26,-0.01671200932763322
2019-09-27,0.0055335968379447665
2019-09-30,-0.012747079964061154
2019-10-01,-0.006882429895910403
2019-10-02,0.02737686139747996
2019-10-03,0.005964990522912215
2019-10-04,-0.00426711000277075
2019-10-07,-0.010741317898486235
2019-10-08,0.01181434599156115
2019-10-09,0.001000834028357002
2019-10-10,0.02310725990112757
2019-10-11,-0.004940550518486327
2019-10-14,0.030608904408555137
2019-10-15,0.003494097093546641
2019-10-16,0.004431548404114877
2019-10-17,-0.023845790220074544
2019-10-18,0.021038471885929496
2019-10-21,-0.03910202360876891
2019-10-22,0.020895031260283
2019-10-23,0.001235562718237925
2019-10-24,0.008101727653181623
2019-10-25,0.008036617169620626
2019-10-28,-0.0004751847940866072
2019-10-29,-0.0055992816016058435
2019-10-30,0.01806108897742367
2019-10-31,0.010279154709105133
2019-11-01,0.005681231277760533
2019-11-04,-0.002054231717337745
2019-11-05,-0.01425483738163844
2019-11-06,-0.00589924301748903
2019-11-07,0.0022056506669468332
2019-11-08,-0.006445189687696446
2019-11-11,0.025631559516903036
2019-11-12,-0.0065819920810407835
2019-11-13,-0.00020705005435059807
2019-11-14,0.01009578048149101
2019-11-15,0.011788826242952391
2019-11-18,0.009726443768996897
2019-11-19,-0.009080874974914721
2019-11-20,0.0021264746088806435
2019-11-21,0.004496539180518296
2019-11-22,0.004878784830499945
2019-11-25,-0.004104309525001217
2019-11-26,0.015228426395939092
2019-11-27,-0.0017821782178218497
2019-11-29,-0.009621106923229508
2019-12-02,-0.004406609914872286
2019-12-03,-0.000553264259128786
2019-12-04,0.0032710985858789474
2019-12-05,0.008477126805778478
2019-12-06,0.0014424272569012286
2019-12-09,-0.002334359789410941
2019-12-10,0.006919898441778196
2019-12-11,-0.027242163551863895
2019-12-12,-0.013418043202032968
2019-12-13,0.019628045953325297
2019-12-16,0.002374696847210989
2019-12-17,0.020716769998487896
2019-12-18,0.017580246913580257
2019-12-19,0.001164709307968597
2019-12-20,-0.000581677169171132
2019-12-23,-0.005141138810747901
2019-12-24,0.013016770670826771
2019-12-26,0.0014918908513403065
2019-12-27,-0.017731859682844776
2019-12-30,0.004109387994716518
2019-12-31,0.022070645554202198
2020-01-02,-0.005291257507865448
2020-01-03,0.018833564959026248
2020-01-06,0.0021636876763876196
2020-01-07,0.010137989298789058
2020-01-08,0.014310937645200318
2020-01-09,-0.0010994044892350394
2020-01-10,0.017655691094194233
2020-01-13,-0.012843044477490849
2020-01-14,0.009540765087190739
2020-01-15,0.002803527017861201
2020-01-16,0.001668395184199739
2020-01-17,-0.003151165931394565
2020-01-21,-0.0005419075144508876
2020-01-22,-0.007048617386589564
2020-01-23,-0.008281761922096802
2020-01-24,-0.014086445810773576
2020-01-27,0.01358961232373057
2020-01-28,0.024978189999540833
2020-01-29,-0.06137167943376781
2020-01-30,-0.03636710733546511
2020-01-31,0.011292159873210842
2020-02-03,0.02762133307213877
2020-02-04,0.0013344135728923468
2020-02-05,0.0035219646851648214
2020-02-06,0.007019207967749672
2020-02-07,0.0034380445532896423
2020-02-10,-0.02755092462217218
2020-02-11,0.01723056132052702
2020-02-12,0.011292465363446554
2020-02-13,0.004879421976165997
2020-02-14,0.016901671491269046
2020-02-18,-0.0014233241505968882
2020-02-19,-0.01337992551381671
2020-02-20,-0.02050517289588967
2020-02-21,-0.04500903987058715
2020-02-24,-0.019679155041849285
2020-02-25,0.0021852924734460455
2020-02-26,-0.03777890466531435
2020-02-27,0.01433465085638998
2020-02-28,0.02062659115706343
2020-03-02,-0.05370596619833034
2020-03-03,0.03157781483673143
2020-03-04,-0.034365874009178156
2020-03-05,-0.02203380677215523
2020-03-06,-0.06400132530785799
2020-03-09,0.05126843657817108
2020-03-10,-0.044615298277119866
2020-03-11,-0.09263392857142863
2020-03-12,0.10234997086812975
2020-03-13,-0.14252995066948562
2020-03-16,0.02335456475583862
2020-03-17,-0.01646365948333543
2020-03-18,0.041984213391398933
2020-03-19,-0.02220335662508983
2020-03-20,-0.010886261938155317
2020-03-23,0.08696826468602294
2020-03-24,-0.029631010063361798
2020-03-25,0.045643684783304495
2020-03-26,-0.04010040406514027
2020-03-27,0.05842209324574269
2020-03-30,0.005122024706236955
2020-03-31,-0.04316546762589938
2020-04-01,-0.008834586466165393
2020-04-02,-0.02534926354383963
2020-04-03,0.0737449734077053
2020-04-06,0.019812745394140747
2020-04-07,0.032280992714564874
2020-04-08,0.005221482671562983
2020-04-09,-0.002283235344483165
2020-04-13,0.019337490703129446
2020-04-14,-0.006735140596059879
2020-04-15,-0.0040684861840989935
2020-04-16,0.01696453900709225
2020-04-17,-0.00557911180540058
2020-04-20,-0.04174147217235187
2020-04-21,0.0672131147540983
2020-04-22,0.01563528637261353
2020-04-23,0.026683951817641646
2020-04-24,-0.01352133424527802
2020-04-27,-0.02448000000000002
2020-04-28,0.06166967360997212
2020-04-29,0.054173747360832226
2020-04-30,-0.011919300473841031
2020-05-01,0.014782221782765514
2020-05-04,0.008818084380785357
2020-05-05,0.006760998696093136
2020-05-06,0.013383220607281586
2020-05-07,0.0051595190760200865
2020-05-08,0.003908641393925182
2020-05-11,-0.014447884416924723
2020-05-12,-0.023798191337458353
2020-05-13,0.00833739639200394
2020-05-14,0.019679899424592587
2020-05-15,0.010954097116843713
2020-05-18,0.017308504151226596
2020-05-19,0.06035595721136114
2020-05-20,0.006174718441535798
2020-05-21,0.015212411945200788
2020-05-22,-0.011536333063726568
2020-05-26,-0.013178294573643421
2020-05-27,-0.016060050624072526
2020-05-28,-0.0016410893284840083
2020-05-29,0.03029899151450528
2020-06-01,0.0034927342503557513
2020-06-02,-0.011000343760742532
2020-06-03,-0.016814389989572492
2020-06-04,0.019797604843342694
2020-06-05,0.0027299909000303136
2020-06-08,0.03141745894554875
2020-06-09,-0.008128378095277989
2020-06-10,-0.05195792675199588
2020-06-11,0.0184912890433543
2020-06-12,0.017149356899116227
2020-06-15,0.013548387096774217
2020-06-16,-0.000509229789942731
2020-06-17,0.001740754893219533
2020-06-18,0.01207934220564548
2020-06-19,0.0018007454248503154
2020-06-22,0.012624362511495736
2020-06-23,-0.03393328929986789
2020-06-24,0.007093410819588054
2020-06-25,-0.08316361167684994
2020-06-26,0.021103295075897692
2020-06-29,0.02914249456127632
2020-06-30,0.046153168626414845
2020-07-01,-0.017385813512944742
2020-07-02,0.029389084054494106
2020-07-06,0.002413850507741021
2020-07-07,0.011292867225774304
2020-07-08,0.003776993184990506
2020-07-09,0.0023312883435582543
2020-07-10,-0.02476843350879338
2020-07-13,0.003054393305439288
2020-07-14,0.0022942476953239535
2020-07-15,0.002705177293158006
2020-07-16,0.00456564147262688
2020-07-17,0.014006528116349157
2020-07-20,-0.01495395648276419
2020-07-21,-0.007776628748707323
2020-07-22,-0.03030808354525372
2020-07-23,-0.008125537403267354
2020-07-24,0.012093103896666776
2020-07-27,-0.014475374732334028
2020-07-28,0.013775421519207316
2020-07-29,0.005186677525826259
2020-07-30,0.0817484008528784
2020-07-31,-0.006741041510623959
2020-08-03,-0.008453722813144925
2020-08-04,-0.002841932514109626
2020-08-05,0.06486833654463699
2020-08-06,0.01191194209891445
2020-08-07,-0.020265236179406936
2020-08-10,-0.0261216730038023
2020-08-11,0.014680045289501389
2020-08-12,0.0054253722728847785
2020-08-13,-0.0002296211251435219
2020-08-14,-0.00030623181748577587
2020-08-17,0.004518302956042081
2020-08-18,0.000952961805290844
2020-08-19,0.024448760424997208
2020-08-20,-0.0074346678562135235
2020-08-21,0.016403880004494196
2020-08-24,0.034747043000847515
2020-08-25,0.08222348835553035
2020-08-26,-0.03517488730216181
2020-08-27,0.001500579769456373
2020-08-28,-0.001566437376558048
2020-08-31,0.007639836289222405
2020-09-01,0.02389656106146765
2020-09-02,-0.03761983471074379
2020-09-03,-0.0288197306952459
2020-09-04,-0.040922434831818316
2020-09-08,0.009440920489747758
2020-09-09,-0.020568464123922447
2020-09-10,-0.005520534148979676
2020-09-11,-0.0017253666404112237
2020-09-14,0.023558143903813788
2020-09-15,-0.032670141692974206
2020-09-16,-0.033014571948998137
2020-09-17,-0.008986735735028617
2020-09-18,-0.017344473923890213
2020-09-21,0.026596816441668322
2020-09-22,-0.022492639842983275
2020-09-23,0.0020480282708215843
2020-09-24,0.021199855728770055
2020-09-25,0.007848677497841614
2020-09-28,0.019352075383537216
2020-09-29,0.00042018411704021084
2020-09-30,0.01806032836960679
2020-10-01,-0.025090950005625764
2020-10-02,0.018119566053704624
2020-10-05,-0.022633667107500293
2020-10-06,-0.002087682672233899
2020-10-07,0.021850302185030167
2020-10-08,0.0026160145586897094
2020-10-09,0.042730194743807945
2020-10-12,0.0014143245693562516
2020-10-13,-0.01564423842978197
2020-10-14,-0.018762416304907534
2020-10-15,-0.002961907618476381
2020-10-16,-0.01703455796638224
2020-10-19,0.02356541698546299
2020-10-20,0.04174764538795043
2020-10-21,-0.0021884978294407264
2020-10-22,0.023982453617143736
2020-10-23,-0.026967239018223975
2020-10-26,0.02230161307783915
2020-10-27,-0.05513784461152883
2020-10-28,0.04916501662494851
2020-10-29,-0.06309867179432387
2020-10-30,-0.006651210520314697
2020-11-02,0.01507499234771961
2020-11-03,0.08322653599698449
2020-11-04,0.02540190688287289
2020-11-05,-0.004309759739378247
2020-11-06,-0.04989604989605004
2020-11-09,-0.022742762851095798
2020-11-10,0.014866204162537207
2020-11-11,-0.0050636574074075305
2020-11-12,0.006798022393485549
2020-11-13,0.007257627730637267
2020-11-16,-0.014195583596214438
2020-11-17,-0.011018181818181719
2020-11-18,0.003566569842261905
2020-11-19,-0.01187074082215875
2020-11-20,-0.004708935854653251
2020-11-23,0.03162835748612305
2020-11-24,-0.0048028311425683985
2020-11-25,0.008055444682318036
2020-11-27,-0.0030236492566861344
2020-11-30,0.03458858360111197
2020-12-01,0.003385098586633992
2020-12-02,-0.019720367278797855
2020-12-03,-0.0076281710129502715
2020-12-04,0.021022524132999626
2020-12-07,-0.007633587786259566
2020-12-08,-0.019336626676076083
2020-12-09,-0.0028785261945884115
2020-12-10,-0.01288250577367203
2020-12-11,0.0023396088466459014
2020-12-14,0.004960064189066026
2020-12-15,0.0004354926510615298
2020-12-16,-0.004316755541045445
2020-12-17,0.0069950451763332805
2020-12-18,-0.013060781476121408
2020-12-21,-0.020895194105355935
2020-12-22,0.0038189374368191946
2020-12-23,-0.0026481667972102357
2020-12-24,0.035901271503365834
2020-12-28,-0.0007942238267148999
2020-12-29,-0.017739721078112468
2020-12-30,0.004744914849008792
2020-12-31,-0.015448821203690243
2021-01-04,0.007548152004164608
2021-01-05,-0.028268812045613996
2021-01-06,0.020622080437507146
2021-01-07,-0.00435365036838586
2021-01-08,-0.04010165564151444
2021-01-11,-0.02238747858588994
2021-01-12,0.0021904496395714003
2021-01-13,-0.023843586075345733
2021-01-14,0.02328610975411182
2021-01-15,0.038749204328453246
2021-01-19,0.02443508234392951
2021-01-20,0.020151039330043315
2021-01-21,0.005973540513797762
2021-01-22,0.012786885245901606
2021-01-25,0.014531851372252871
2021-01-26,-0.035135614252792144
2021-01-27,-0.026236495921216973
2021-01-28,-0.025169811320754777
2021-01-29,0.014245345101227139
2021-02-01,0.019350406473035354
2021-02-02,-0.0016100044930358202
2021-02-03,-0.0006000375023437771
2021-02-04,0.0060415024954032556
2021-02-05,-0.0056695262961582935
2021-02-08,0.010765998949658656
2021-02-09,0.008981258118389372
2021-02-10,-0.005443778276382161
2021-02-11,0.00040681977883802526
2021-02-12,0.012828096118299546
2021-02-16,-0.0014600138701318906
2021-02-17,-0.015279453156413375
2021-02-18,-0.029065666877018392
2021-02-19,-0.0047025539073253485
2021-02-22,0.021223063035378305
2021-02-23,-0.005811438566135735
2021-02-24,-0.03639665544247287
2021-02-25,0.011504181554046122
2021-02-26,0.02829749243071198
2021-03-01,-0.022309463591408497
2021-03-02,-0.013861003861003874
2021-03-03,0.008731059864531498
2021-03-04,0.025772395590746726
2021-03-05,-0.033941274405932996
2021-03-08,0.040852297207316625
2021-03-09,-0.003160984420862617
2021-03-10,0.033899584748961945
2021-03-11,-0.02000876296188118
2021-03-12,0.01993293591654256
2021-03-15,0.020200913242009032
2021-03-16,0.01693640790604418
2021-03-17,-0.018978204992781897
2021-03-18,0.04123896346278088
2021-03-19,0.011823101582158515
2021-03-22,-0.009913470055188474
2021-03-23,-0.029212400646870623
2021-03-24,-0.012050754944353786
2021-03-25,0.015354810934921333
2021-03-26,0.027559889760441
2021-03-29,-0.00969671962038372
2021-03-30,0.022673611111111016
2021-03-31,0.014022340678369105
2021-04-01,0.03431996249916292
2021-04-05,-0.008578550386844174
2021-04-06,0.022301312610200432
2021-04-07,-0.00022357788495318658
2021-04-08,-0.0017890230656188177
2021-04-09,-0.00294437688024054
2021-04-12,-0.005713552031841913
2021-04-13,-0.022404442148760324
2021-04-14,0.016511458952513044
2021-04-15,-0.005327788967578411
2021-04-16,-0.012868247436148663
2021-04-19,0.0013565378507145586
2021-04-20,-0.0038988931108539567
2021-04-21,-0.01641954423325719
2021-04-22,0.015547012005935565
2021-04-23,0.006342775545445572
2021-04-26,0.0017489440337908285
2021-04-27,0.011628290015482523
2021-04-28,0.07297297297297287
2021-04-29,-0.013444205031713778
2021-04-30,-0.007690414667158854
2021-05-03,-0.013082026164052237
2021-05-04,-0.010491267747204523
2021-05-05,0.015872008126468162
2021-05-06,-0.002937316417723885
2021-05-07,-0.04108687476494909
2021-05-10,0.001830244795241185
2021-05-11,-0.012984047238443094
2021-05-12,0.008957197157494561
2021-05-13,0.03498656882657409
2021-05-14,-0.0015192758118630694
2021-05-17,-0.01743485703417232
2021-05-18,0.011711188540456819
2021-05-19,0.016008163525622753
2021-05-20,-0.007469947584821554
2021-05-21,0.02656294469215437
2021-05-24,0.009734158888580924
2021-05-25,-0.0003965953811891621
2021-05-26,0.015534395409876013
2021-05-27,-0.012081141998497316
2021-05-28,0.001216804064125505
2021-06-01,6.07662625709653e-05
2021-06-02,-0.009448579674920118
2021-06-03,0.013219236903447435
2021-06-04,0.018858786135916333
2021-06-07,-0.008616079386772765
2021-06-08,-0.010279309518101194
2021-06-09,0.0066919000757001655
2021-06-10,-0.0036094567767550644
2021-06-11,0.016633460121958557
2021-06-14,-5.9387712682192035e-05
2021-06-15,-0.016837416481069088
2021-06-16,0.016400869880391467
2021-06-17,-0.020356007250898832
2021-06-18,0.007977916641388083
2021-06-21,0.020283487315296736
2021-06-22,0.004601362711264497
2021-06-23,0.007604451099562618
2021-06-24,-0.005274200128212606
2021-06-25,0.04180215015965077
2021-06-28,-0.010544370711955912
2021-06-29,-0.011878712097530499
2021-06-30,0.01921141180869117
2021-07-01,0.0008747425153080004
2021-07-02,-0.005413025091626772
2021-07-06,-0.006491297692612857
2021-07-07,-0.01380923849467897
2021-07-08,0.01380008679299881
2021-07-09,0.007819188402488467
2021-07-12,-0.0030297881979840582
2021-07-13,-0.012667215768695447
2021-07-14,-0.009118890774674268
2021-07-15,-0.009580212506531832
2021-07-16,-0.012340250908664661
2021-07-19,0.013978335064549745
2021-07-20,0.013375870748697515
2021-07-21,0.014325737226698955
2021-07-22,0.05296278367835081
2021-07-23,0.007220314232402063
2021-07-26,-0.012484562100628194
2021-07-27,0.014871808814333407
2021-07-28,-0.04007715387912554
2021-07-29,-0.005637419066755921
2021-07-30,-0.012208812798203824
2021-08-02,-0.0020173320073873548
2021-08-03,0.021865391185514196
2021-08-04,0.011283851554664022
2021-08-05,0.0014877262583683599
2021-08-06,-0.005226816318670675
2021-08-09,-0.0013273969193330333
2021-08-10,-0.00323983053194145
2021-08-11,0.007473052561395705
2021-08-12,0.0014614642217014465
2021-08-13,0.00930667988325347
2021-08-16,-0.022124618070711515
2021-08-17,-0.008369368112707491
2021-08-18,-0.0009284006189337012
2021-08-19,0.011967785537283171
2021-08-20,0.011074936694771456
2021-08-23,0.005944681436631259
2021-08-24,0.007879401384367036
2021-08-25,-0.01088520318141098
2021-08-26,0.022641198748559195
2021-08-27,0.021549526339800954
2021-08-30,-0.0033625807807493024
2021-08-31,0.007037798513363952
2021-09-01,-0.01772019369192524
2021-09-02,0.00261138350031981
2021-09-03,0.01573380109498755
2021-09-07,-0.012062378983724982
2021-09-08,0.0011388616680350844
2021-09-09,0.0018253968253968194
2021-09-10,-0.005756687528057268
2021-09-13,5.311943905867523e-05
2021-09-14,-0.0069317185881601915
2021-09-15,-0.002299957210098453
2021-09-16,-0.02235565324612656
2021-09-17,-0.024731300723843053
2021-09-20,0.005004217036828872
2021-09-21,-0.03991831710864954
2021-09-22,0.008012587045831998
2021-09-23,0.020233553011908892
2021-09-24,0.001756572982774265
2021-09-27,-0.03656881045307995
2021-09-28,-0.003052986936738481
2021-09-29,-0.0006478018904037786
2021-09-30,0.01066619523262325
2021-10-01,-0.0489198565639485
2021-10-04,0.020629617141280573
2021-10-05,0.0020422873618452875
2021-10-06,-0.013247812012947965
2021-10-07,0.0025211105036145555
2021-10-08,-0.013937282229965224
2021-10-11,-0.005162083269319425
2021-10-12,0.00237823146060487
2021-10-13,0.012294324274357404
2021-10-14,-0.011475359936687616
2021-10-15,0.0325779036827195
2021-10-18,0.01386652352835938
2021-10-19,0.0023235977528749774
2021-10-20,0.0032278889606198215
2021-10-21,-0.050514800514800465
2021-10-22,0.01256892886848829
2021-10-25,-0.03918585901609418
2021-10-26,-0.011367594439694675
2021-10-27,0.015053487925180924
2021-10-28,0.020983213429256523
2021-10-29,0.019810241987823423
2021-11-01,-0.00575792472271057
2021-11-02,0.010790051207022741
2021-11-03,0.012755563596888059
2021-11-04,0.015721304153639936
2021-11-05,-0.0073578987482777565
2021-11-08,-0.009597779221546275
2021-11-09,-0.023049169573903502
2021-11-10,0.00030521303870108274
2021-11-11,0.040123268444498615
2021-11-12,0.019566429053360368
2021-11-15,-0.013235124870526018
2021-11-16,-0.006385584324702583
2021-11-17,-0.0061038236934001944
2021-11-18,0.019516371903510625
2021-11-19,-0.012423979148566524
2021-11-22,-0.011026069616726756
2021-11-23,0.011297257227575989
2021-11-24,-0.02328036122676361
2021-11-26,0.014739433237271757
2021-11-29,-0.04014436588468477
2021-11-30,-0.04271713000061628
2021-12-01,-0.0006761107533806708
2021-12-02,-0.011437224137375596
2021-12-03,0.03594707339329954
2021-12-06,0.015540944411237292
2021-12-07,0.024007930361512966
2021-12-08,-0.0022386253630203566
2021-12-09,-0.00021223697774541624
2021-12-10,0.01437452615617895
2021-12-13,-0.0022422194983407577
2021-12-14,0.02373104812129207
2021-12-15,-0.019785751917110714
2021-12-16,-0.0033144222155866137
2021-12-17,-0.02498576949579086
2021-12-20,0.026885850361038563
2021-12-21,-0.011220825852782765
2021-12-22,0.014495385080950282
2021-12-23,0.03263333731058345
2021-12-27,0.00011554682535103259
2021-12-28,-0.00947374501761894
2021-12-29,0.004140666005715332
2021-12-30,-0.02326054129399463
2021-12-31,0.006511074773301613
2022-01-03,-0.005937259998818597
2022-01-04,-0.03672778058419742
2022-01-05,0.025573001820032585
2022-01-06,-0.0020152800336881403
2022-01-07,-0.011211911148618183
2022-01-10,0.019203218825250744
2022-01-11,-0.0033196758082364255
2022-01-12,-0.020344475784672546
2022-01-13,0.016601323205096663
2022-01-14,-0.04142814100632721
2022-01-18,0.004526166902404519
2022-01-19,-0.0094808973997934
2022-01-20,-0.04229845842810205
2022-01-21,0.018273575881518497
2022-01-24,-0.027728288685173796
2022-01-25,-0.01839080459770109
2022-01-26,3.394087499572652e-05
2022-01-27,0.023995384197664924
2022-01-28,0.03828179377547981
2022-01-31,0.01832343740024264
2022-02-01,0.012539184952978056
2022-02-02,-0.2639009287925697
2022-02-03,-0.002817967698519463
2022-02-04,-0.051372896368467695
2022-02-07,-0.021030634476012583
2022-02-08,0.05368334998637475
2022-02-09,-0.016939655172413824
2022-02-10,-0.03735695181303978
2022-02-11,-0.008426326577089605
2022-02-14,0.015158474965548974
2022-02-15,-0.020180995475113157
2022-02-16,-0.04077768541608933
2022-02-17,-0.007462327283231483
2022-02-18,-0.019790454016297945
2022-02-22,-0.017963182897862348
2022-02-23,0.04610733182161757
2022-02-24,0.013872832369942176
2022-02-25,0.002613074876472878
2022-02-28,-0.0357295171302658
2022-03-01,0.022703818369453066
2022-03-02,-0.024698476767094395
2022-03-03,-0.014337094151845083
2022-03-04,-0.06293112066380088
2022-03-07,0.015042406785085578
2022-03-08,0.04314467391875563
2022-03-09,-0.016574307304785853
2022-03-10,-0.038932431740177215
2022-03-11,-0.005223602153403433
2022-03-14,0.02893425494293525
2022-03-15,0.060407228037285814
2022-03-16,0.020674753228895587
2022-03-17,0.04161855273287147
2022-03-18,-0.023095755000230957
2022-03-21,0.024398316705281555
2022-03-22,-0.01472420955458111
2022-03-23,0.028623629719853768
2022-03-24,0.010247301543926767
2022-03-25,0.007979442791452575
2022-03-28,0.02804239903394611
2022-03-29,-0.008744453145392931
2022-03-30,-0.0240947992100065
2022-03-31,0.011198057204533101
2022-04-01,0.04020458083166552
2022-04-04,-0.00876480396767704
2022-04-05,-0.036835748792270494
2022-04-06,-0.0015673981191223587
2022-04-07,-0.002780892576810837
2022-04-08,-0.026402194935456324
2022-04-11,-0.01071791555021723
2022-04-12,0.003969365835434869
2022-04-13,-0.022373133634122525
2022-04-14,0.0028071177086307136
2022-04-18,0.031029083835460415
2022-04-19,-0.07772306842759198
2022-04-20,-0.06162059674683163
2022-04-21,-0.021055989791035144
2022-04-22,0.01564282222584322
2022-04-25,-0.03230119257714327
2022-04-26,-0.03315833103067146
2022-04-27,0.17593598170905975
2022-04-28,-0.025567491372186803
2022-04-29,0.05317503865915098
2022-05-02,0.004262776488419484
2022-05-03,0.05367165023817382
2022-05-04,-0.06772302045566446
2022-05-05,-0.02165354330708657
2022-05-06,-0.03710065269666782
2022-05-09,0.007339075480352671
2022-05-10,-0.045079686314191736
2022-05-11,0.013245734873370774
2022-05-12,0.03859025308512861
2022-05-13,0.0071493303796193106
2022-05-16,0.012897420515896884
2022-05-17,-0.05122890139176782
2022-05-18,-0.004941739492301378
2022-05-19,0.011762245804798998
2022-05-20,0.013898935620543547
2022-05-23,-0.07618610813840895
2022-05-24,0.014066637246248959
2022-05-25,0.042430506446173
2022-05-26,0.018264363617387674
2022-05-27,-0.007635935017680568
2022-05-31,-0.025821111340632103
2022-06-01,0.05417726887192551
2022-06-02,-0.040631600120687984
2022-06-03,0.018188489359471635
2022-06-06,0.007207207207207237
2022-06-07,0.005060056222846822
2022-06-08,-0.06427990235964193
2022-06-09,-0.04581521739130438
2022-06-10,-0.06441875035598338
2022-06-13,-0.003226591988311221
2022-06-14,0.03432480302937766
2022-06-15,-0.05007381163271326
2022-06-16,0.01784049232299375
2022-06-17,-0.04085745694393549
2022-06-21,-0.007640878701050729
2022-06-22,0.01860763554700036
2022-06-23,0.07187401574803147
2022-06-24,-0.003937470615890852
2022-06-27,-0.051979467815210345
2022-06-28,0.020288772715957124
2022-06-29,-0.016408442112968144
2022-06-30,-0.00756589147286821
2022-07-01,0.05099043929263261
2022-07-05,0.00939413758249606
2022-07-06,0.014254579725510912
2022-07-07,-0.0076078750217782815
2022-07-08,-0.04681647940074907
2022-07-11,0.002394400785854708
2022-07-12,0.001347461260488754
2022-07-13,-0.033274206373478485
2022-07-14,0.042075292628914754
2022-07-15,0.015361262902246518
2022-07-18,0.05112719009747062
2022-07-19,0.04158607350096713
2022-07-20,0.00043694357966018944
2022-07-21,-0.07588578915761303
2022-07-22,-0.015478230046671025
2022-07-25,-0.045004500450045004
2022-07-26,0.06553565818410309
2022-07-27,-0.05224672720839729
2022-07-28,-0.010079641612742687
2022-07-29,0.005216844751728552
2022-08-01,0.0016257112486712368
2022-08-02,0.05374867345027788
2022-08-03,0.010485781990521218
2022-08-04,-0.020284927009438822
2022-08-05,0.018790018550655173
2022-08-08,-0.010102790014684282
2022-08-09,0.058209220910223715
2022-08-10,-0.004766176965347058
2022-08-11,0.016958701898698466
2022-08-12,0.002160664819944523
2022-08-15,-0.007850074630991142
2022-08-16,-0.0257424639215468
2022-08-17,-0.0010866456963111108
2022-08-18,-0.03836024275735709
2022-08-19,-0.029233150750178592
2022-08-22,-0.01189819073903709
2022-08-23,0.01334491962013517
2022-08-24,0.03381109886071304
2022-08-25,-0.041474108306671406
